"statistic","df","p_value","estimate"
3.13746748230295,17.6828419794815,0.00578620866615154,0.788961038961039
