"z_skew_normal","p_skew_normal","z_kurt_normal","p_kurt_normal","z_skew_skewed","p_skew_skewed","z_kurt_skewed","p_kurt_skewed"
-0.299254399379209,0.76474594516444,0.418370883843261,0.675675971059503,3.72647897872738,0.000194173258049561,2.25370346409639,0.0242148292992997
