"skew_skewed","kurt_skewed"
2.32675023142703,5.45365710622484
