"sd_short","sd_long","sd_outlier","skew_short","skew_long","skew_outlier","kurt_short","kurt_long","kurt_outlier"
1.73925271309261,2.08271392313007,44.2741459544958,-5.62718111667691e-16,-0.483394274769422,2.23606797749979,-1.2,0.282531292271781,5
